placement_id,source_url,observation_id,published_at_source,content_kind,campaign_topics,direct_course_promotion,cost_rub,provenance,summary,tracking_token
tg_1823,https://t.me/postypashki_old/1823,postypashki_old:1823,2026-07-29T19:05:26+03:00,course_promotion,[],True,,real,"Подготовка к стажировкам, рекомендация Алгоритмов СТАРТ и обращение к менеджеру.",p_d8472e104f8a29bd5c9e1a54
tg_1824,https://t.me/postypashki_old/1824,postypashki_old:1824,2026-07-30T19:05:25+03:00,course_promotion,[],True,,real,Преподаватель Backend СТАРТ и приглашение присоединиться к текущему курсу.,p_e7c7ae96e8df53088b3f48fe
tg_1827,https://t.me/postypashki_old/1827,postypashki_old:1827,2026-08-02T11:51:49+03:00,lead_magnet,[],False,,real,Разбор контеста Яндекса за подписку и комментарий в Instagram.,p_0e512ccf4a1363d467e47c7a
tg_1833,https://t.me/postypashki_old/1833,postypashki_old:1833,2026-08-07T17:22:16+03:00,course_demo,[],False,,real,Открытая запись mock-собеседования с Алгоритмов СТАРТ; ссылка на курс.,p_c0f685790c2a1fdd5857c5b5
tg_1836,https://t.me/postypashki_old/1836,postypashki_old:1836,2026-08-09T13:32:11+03:00,sale_reminder,"[""start_sale_august""]",True,,real,Дайджест вакансий и предложение СТАРТ со скидкой 55% до конца 9 августа.,p_d6b03aebc788e23c249c5de7
tg_1837,https://t.me/postypashki_old/1837,postypashki_old:1837,2026-08-09T18:35:40+03:00,sale_reminder,"[""start_sale_august""]",True,,real,Гайд по зарубежным стажировкам и напоминание о последних часах распродажи СТАРТ.,p_e7abd73bf15bfe123d419cc3
tg_1838,https://t.me/postypashki_old/1838,postypashki_old:1838,2026-08-10T16:26:59+03:00,sale_extension,"[""start_sale_august""]",True,,real,Распродажу СТАРТ продлевают до конца 10 августа; отзыв ученицы.,p_60a5edbea147f5f5ed68264e
tg_1840,https://t.me/postypashki_old/1840,postypashki_old:1840,2026-08-10T20:33:06+03:00,sale_reminder,"[""start_sale_august""]",True,,real,История ученицы и напоминание о последних четырёх часах скидки СТАРТ.,p_0663220e42f6a0da10b8e2ff
tg_1843,https://t.me/postypashki_old/1843,postypashki_old:1843,2026-08-11T18:50:13+03:00,course_promotion,[],True,,real,"Советы по поиску работы и предложение карьерного блока, базы рефералов на ПРО.",p_30bfcc39ae833ddcf225f3c6
tg_1844,https://t.me/postypashki_old/1844,postypashki_old:1844,2026-08-12T19:05:42+03:00,course_related_content,[],False,,real,Гайд по аналитическим собеседованиям на опыте выпускницы Аналитики ПРО.,p_fa93b56bb903c8cc49c20b79
tg_1848,https://t.me/postypashki_old/1848,postypashki_old:1848,2026-08-14T19:52:44+03:00,course_related_content,[],False,,real,Обзор работы в VK с историей студентов и ссылкой на карьерные курсы.,p_5e393f76adfeff20a1cacbd5
tg_1852,https://t.me/postypashki_old/1852,postypashki_old:1852,2026-08-16T19:39:39+03:00,course_promotion,[],True,,real,Гайд по LinkedIn с приглашением изучать карьеру за рубежом на ПРО.,p_ab259fa1956c39538fda87eb
tg_1854,https://t.me/postypashki_old/1854,postypashki_old:1854,2026-08-17T19:05:47+03:00,course_related_content,[],False,,real,Гайд по собеседованиям аналитика Ozon и ссылка на карьерные курсы.,p_0c41aace530c18ca2c5d32e0
tg_1856,https://t.me/postypashki_old/1856,postypashki_old:1856,2026-08-19T18:58:14+03:00,course_related_content,[],False,,real,Опыт выпускника на собеседованиях в HFT-фонд; ссылки на курсы и открытую базу.,p_bac70200ae2618bb6d6602db
tg_1857,https://t.me/postypashki_old/1857,postypashki_old:1857,2026-08-20T19:11:50+03:00,course_related_content,[],False,,real,Подборка стажировок со ссылками на сайт и карьерные курсы.,p_535a1ac6c5b94b2721802bbd
tg_1859,https://t.me/postypashki_old/1859,postypashki_old:1859,2026-08-22T13:19:48+03:00,course_launch,"[""pro_launch_aug22""]",True,,real,Анонс пяти направлений ПРО и курса о работе за рубежом в подарок; цена не указана.,p_209152cd04f2a18cf7d3af25
tg_1860,https://t.me/postypashki_old/1860,postypashki_old:1860,2026-08-23T11:51:41+03:00,course_promotion,"[""pro_launch_aug22""]",True,,real,Обзор рынка с предложением ПРО и нового курса ИИ-агенты ПРО.,p_4ae65a6ad99e151cd965862b
tg_1863,https://t.me/postypashki_old/1863,postypashki_old:1863,2026-08-23T19:20:03+03:00,course_promotion,"[""pro_launch_aug22""]",True,,real,Разбор собеседований Go-разработчика Авито с приглашением на Backend ПРО.,p_7204886ba2173b6f8b5a8bc9
tg_1870,https://t.me/postypashki_old/1870,postypashki_old:1870,2026-08-28T19:05:59+03:00,course_promotion,"[""tbank_selection"", ""yandex_selection""]",True,,real,"Дайджест отборов: разборы Т-Банка, Яндекса и Авито на курсах; дедлайн Т-Банка 6 сентября.",p_fc84c9a755eb4331e1930beb
tg_1872,https://t.me/postypashki_old/1872,postypashki_old:1872,2026-08-29T21:58:58+03:00,course_promotion,"[""tbank_selection"", ""yandex_selection""]",True,,real,Новый контест Яндекса и приглашение на пять направлений ПРО с разборами отборов.,p_137fab8b639dfa3cf825473b
tg_1874,https://t.me/postypashki_old/1874,postypashki_old:1874,2026-08-30T16:26:37+03:00,webinar_promotion,"[""ai_webinar""]",True,,real,Запись AI-вебинара с обещанием промокода; его размер и срок не указаны.,p_91bdc312832e98323494b1db
tg_1875,https://t.me/postypashki_old/1875,postypashki_old:1875,2026-08-31T17:11:02+03:00,course_promotion,"[""tbank_selection""]",True,,real,Разбор отбора Т-Банка как преимущество ПРО; приглашение записаться через менеджера.,p_79c8608ce210c0144dfb89b9
tg_1876,https://t.me/postypashki_old/1876,postypashki_old:1876,2026-09-01T20:40:56+03:00,course_promotion,"[""tbank_selection""]",True,,real,План учебного года с предложением ПРО для подготовки к отборам.,p_e9fbc36304cf800a7c7be5dc
tg_1877,https://t.me/postypashki_old/1877,postypashki_old:1877,2026-09-02T19:06:05+03:00,course_promotion,"[""tbank_selection""]",True,,real,Приглашение на ПРО для отбора Т-Банка; дедлайн 6 сентября.,p_8e91f5c70e3c832e12e7e684
tg_1878,https://t.me/postypashki_old/1878,postypashki_old:1878,2026-09-03T19:06:06+03:00,deadline_reminder,"[""tbank_selection""]",True,,real,Напоминание о дедлайне Т-Банка 6 сентября и предложение ПРО с разборами экзаменов.,p_fd4d007f85f103a1ca7e700d
tg_1880,https://t.me/postypashki_old/1880,postypashki_old:1880,2026-09-06T12:06:06+03:00,deadline_reminder,"[""tbank_selection""]",True,,real,Последние 12 часов отбора Т-Банка и приглашение на ПРО.,p_8cd93bee28488b23ffd30876
tg_1881,https://t.me/postypashki_old/1881,postypashki_old:1881,2026-09-06T15:06:08+03:00,lead_magnet,"[""tbank_selection""]",False,,real,Разбор экзамена Т-Банка за подписку и комментарий в Instagram.,p_358363f3df43cf174d26f2a7
tg_1882,https://t.me/postypashki_old/1882,postypashki_old:1882,2026-09-06T18:04:47+03:00,course_promotion,"[""tbank_selection"", ""yandex_selection""]",True,,real,Стажировки разработчиков; разбор Т-Банка на ПРО и напоминание о дедлайне сегодня.,p_5cca5c3be33b84af1e000952
tg_1885,https://t.me/postypashki_old/1885,postypashki_old:1885,2026-09-06T20:44:11+03:00,course_promotion,"[""tbank_selection""]",True,,real,Гайды по собеседованиям Т-Банка и приглашение на ПРО за дополнительными материалами.,p_c65fa3a1656da38cfe672064
tg_1887,https://t.me/postypashki_old/1887,postypashki_old:1887,2026-09-07T13:47:40+03:00,free_event,"[""free_week""]",False,,real,"Анонс бесплатной недели Аналитика вне SQL 7-13 сентября, первое занятие 7 сентября в 19:00.",p_13bbcf3595e07fae0987a588
tg_1892,https://t.me/postypashki_old/1892,postypashki_old:1892,2026-09-07T17:05:21+03:00,free_event,"[""free_week""]",False,,real,Гайд по A/B-тестам X5 и приглашение на открытую неделю.,p_d28ccdb2724afda7ab70ee9e
tg_1893,https://t.me/postypashki_old/1893,postypashki_old:1893,2026-09-07T18:51:46+03:00,free_event,"[""free_week""]",False,,real,Напоминание о первом занятии открытой недели 7 сентября в 19:00.,p_ac1e314bd79cfac2273b4474
tg_1895,https://t.me/postypashki_old/1895,postypashki_old:1895,2026-09-08T18:27:01+03:00,course_promotion,"[""yandex_selection""]",True,,real,Гайд по алгоритмам Яндекса и приглашение на ПРО за разбором контеста.,p_10c712249011c5693d4a4b6f
tg_1897,https://t.me/postypashki_old/1897,postypashki_old:1897,2026-09-09T17:17:20+03:00,free_event,"[""free_week""]",False,,real,Материал о собеседованиях Авито и приглашение на встречу 10 сентября в 19:00.,p_68e57da2b5d8dfba58964057
tg_1898,https://t.me/postypashki_old/1898,postypashki_old:1898,2026-09-10T11:59:39+03:00,free_event,"[""free_week""]",False,,real,Материалы HR-встречи и напоминание о встрече 10 сентября в 19:00.,p_8b9a648683c7395b84d0eefb
tg_1899,https://t.me/postypashki_old/1899,postypashki_old:1899,2026-09-10T17:06:13+03:00,course_promotion,[],True,,real,Интервью с выпускницей и приглашение на Аналитику ПРО.,p_c98aa65e2778974b4b611ff7
tg_1900,https://t.me/postypashki_old/1900,postypashki_old:1900,2026-09-11T16:37:42+03:00,free_event,"[""free_week""]",False,,real,"Хакатон открытой недели; дедлайн решения 12 сентября 20:59, финал 13 сентября.",p_0146103d4febb65a86b4802f
