metric,split,model,train_days,origin,train_end,test_end,actual_total,forecast_total,residual_total,absolute_total_error,daily_absolute_error_sum,daily_squared_error_sum,total_ape_pct
revenue_rub,development,mean7,14,2026-08-18,2026-08-17,2026-08-24,1027938.0,485375.0,542563.0,542563.0,700837.2857142857,154158539050.4286,52.78168527673848
revenue_rub,development,mean7,15,2026-08-19,2026-08-18,2026-08-25,1108478.0,450155.0,658323.0,658323.0,769950.1428571428,165767060696.14285,59.389811976421726
revenue_rub,development,mean7,16,2026-08-20,2026-08-19,2026-08-26,1136173.0,391605.0,744568.0,744568.0,806882.2857142858,178060779756.85718,65.53297781235781
revenue_rub,development,mean7,17,2026-08-21,2026-08-20,2026-08-27,1221013.0,371380.0,849633.0,849633.0,899451.5714285714,189539952131.85712,69.58427142053361
revenue_rub,development,mean7,18,2026-08-22,2026-08-21,2026-08-28,1253068.0,322835.0,930233.0,930233.0,930233.0,201536212984.71426,74.2364340961544
revenue_rub,development,mean7,19,2026-08-23,2026-08-22,2026-08-29,1097443.0,525640.0,571803.0,571803.0,601585.8571428572,122931131951.85713,52.10320718251427
revenue_rub,development,mean7,20,2026-08-24,2026-08-23,2026-08-30,879288.0,877050.0,2238.0,2238.0,274395.14285714284,13297778118.285715,0.254524114965745
revenue_rub,development,mean7,21,2026-08-25,2026-08-24,2026-08-31,901403.0,1027938.0,-126535.0,126535.0,304197.85714285716,18589273864.142857,14.037561445879367
revenue_rub,development,mean7,22,2026-08-26,2026-08-25,2026-09-01,986633.0,1108478.0,-121845.0,121845.0,390537.0,26844484267.0,12.349576792991924
revenue_rub,development,mean7,23,2026-08-27,2026-08-26,2026-09-02,1119838.0,1136173.0,-16335.0,16335.0,371227.5714285714,24819071134.142857,1.4586931323995078
revenue_rub,development,mean7,24,2026-08-28,2026-08-27,2026-09-03,1162813.0,1221013.0,-58200.0,58200.0,328071.71428571426,24909526373.428574,5.00510400210524
revenue_rub,development,mean14,14,2026-08-18,2026-08-17,2026-08-24,1027938.0,879375.835,148562.16500000004,148562.16500000004,757123.1192857143,115257983036.21246,14.45244411627939
revenue_rub,development,mean14,15,2026-08-19,2026-08-18,2026-08-25,1108478.0,867865.835,240612.16500000004,240612.16500000004,710277.1664285715,112124923784.28389,21.70653499663503
revenue_rub,development,mean14,16,2026-08-20,2026-08-19,2026-08-26,1136173.0,862500.835,273672.16500000004,273672.16500000004,683348.595,109562915081.39816,24.087191387227126
revenue_rub,development,mean14,17,2026-08-21,2026-08-20,2026-08-27,1221013.0,857570.835,363442.16500000004,363442.16500000004,629042.6421428572,105284805361.98389,29.765626164504393
revenue_rub,development,mean14,18,2026-08-22,2026-08-21,2026-08-28,1253068.0,844145.835,408922.16500000004,408922.16500000004,602741.2135714286,101805341947.46962,32.633677102918604
revenue_rub,development,mean14,19,2026-08-23,2026-08-22,2026-08-29,1097443.0,832213.335,265229.66500000004,265229.66500000004,498955.3807142857,86272289721.43031,24.167967265725878
revenue_rub,development,mean14,20,2026-08-24,2026-08-23,2026-08-30,879288.0,767415.0,111873.0,111873.0,290057.2857142857,15085000901.857141,12.723135082020908
revenue_rub,development,mean14,21,2026-08-25,2026-08-24,2026-08-31,901403.0,756656.5,144746.5,144746.5,313709.2142857143,19295051440.892857,16.057911943936286
revenue_rub,development,mean14,22,2026-08-26,2026-08-25,2026-09-01,986633.0,779316.5,207316.5,207316.5,395702.0714285714,30863616716.607147,21.0125244138398
revenue_rub,development,mean14,23,2026-08-27,2026-08-26,2026-09-02,1119838.0,763889.0,355949.0,355949.0,481007.0,42880908045.0,31.78575829718227
revenue_rub,development,mean14,24,2026-08-28,2026-08-27,2026-09-03,1162813.0,796196.5,366616.5,366616.5,510135.9285714286,43626728955.17857,31.528414285014012
revenue_rub,development,mean_all,14,2026-08-18,2026-08-17,2026-08-24,1027938.0,879375.835,148562.16500000004,148562.16500000004,757123.1192857143,115257983036.21246,14.45244411627939
revenue_rub,development,mean_all,15,2026-08-19,2026-08-18,2026-08-25,1108478.0,849268.7793333334,259209.22066666663,259209.22066666663,712933.8886666667,113452810374.66013,23.38424584580539
revenue_rub,development,mean_all,16,2026-08-20,2026-08-19,2026-08-26,1136173.0,820855.730625,315317.26937500003,315317.26937500003,689297.895625,113066990291.44377,27.752575477062035
revenue_rub,development,mean_all,17,2026-08-21,2026-08-20,2026-08-27,1221013.0,794222.7464705881,426790.25352941186,426790.25352941186,656191.8229411765,112436192963.09996,34.95378456489913
revenue_rub,development,mean_all,18,2026-08-22,2026-08-21,2026-08-28,1253068.0,761044.5383333333,492023.46166666667,492023.46166666667,638356.055,112501020490.6357,39.265503681098444
revenue_rub,development,mean_all,19,2026-08-23,2026-08-22,2026-08-29,1097443.0,813518.51,283924.49,283924.49,501626.07,87738909839.39432,25.871456649684767
revenue_rub,development,mean_all,20,2026-08-24,2026-08-23,2026-08-30,879288.0,910915.8345,-31627.834499999997,31627.834499999997,269557.1665,13439965442.737057,3.5969823880230365
revenue_rub,development,mean_all,21,2026-08-25,2026-08-24,2026-08-31,901403.0,928896.5566666666,-27493.556666666642,27493.556666666642,289103.4919047619,16409958068.883316,3.0500848861903767
revenue_rub,development,mean_all,22,2026-08-26,2026-08-25,2026-09-01,986633.0,931744.4404545454,54888.55954545457,54888.55954545457,373926.65136363637,25153991401.85356,5.563219509732045
revenue_rub,development,mean_all,23,2026-08-27,2026-08-26,2026-09-02,1119838.0,916821.8560869565,203016.14391304355,203016.14391304355,415464.3473913044,30668888629.045944,18.129063660372623
revenue_rub,development,mean_all,24,2026-08-28,2026-08-27,2026-09-03,1162813.0,918703.2370833333,244109.7629166667,244109.7629166667,457633.04125,32938431566.4616,20.99303696438436
revenue_rub,development,seasonal7,14,2026-08-18,2026-08-17,2026-08-24,1027938.0,485375.0,542563.0,542563.0,867643.0,194820263219.0,52.78168527673848
revenue_rub,development,seasonal7,15,2026-08-19,2026-08-18,2026-08-25,1108478.0,450155.0,658323.0,658323.0,912963.0,200066506419.0,59.389811976421726
revenue_rub,development,seasonal7,16,2026-08-20,2026-08-19,2026-08-26,1136173.0,391605.0,744568.0,744568.0,882108.0,197405416944.0,65.53297781235781
revenue_rub,development,seasonal7,17,2026-08-21,2026-08-20,2026-08-27,1221013.0,371380.0,849633.0,849633.0,946723.0,204194191919.0,69.58427142053361
revenue_rub,development,seasonal7,18,2026-08-22,2026-08-21,2026-08-28,1253068.0,322835.0,930233.0,930233.0,930233.0,202865097919.0,74.2364340961544
revenue_rub,development,seasonal7,19,2026-08-23,2026-08-22,2026-08-29,1097443.0,525640.0,571803.0,571803.0,883053.0,185954370519.0,52.10320718251427
revenue_rub,development,seasonal7,20,2026-08-24,2026-08-23,2026-08-30,879288.0,877050.0,2238.0,2238.0,749798.0,110056986444.0,0.254524114965745
revenue_rub,development,seasonal7,21,2026-08-25,2026-08-24,2026-08-31,901403.0,1027938.0,-126535.0,126535.0,621025.0,87778871125.0,14.037561445879367
revenue_rub,development,seasonal7,22,2026-08-26,2026-08-25,2026-09-01,986633.0,1108478.0,-121845.0,121845.0,625715.0,88556332425.0,12.349576792991924
revenue_rub,development,seasonal7,23,2026-08-27,2026-08-26,2026-09-02,1119838.0,1136173.0,-16335.0,16335.0,731225.0,105532891425.0,1.4586931323995078
revenue_rub,development,seasonal7,24,2026-08-28,2026-08-27,2026-09-03,1162813.0,1221013.0,-58200.0,58200.0,689360.0,100181916450.0,5.00510400210524
revenue_rub,development,weekday_shrunk,14,2026-08-18,2026-08-17,2026-08-24,1027938.0,879375.835,148562.16500000004,148562.16500000004,569342.6421428572,62801510750.699196,14.45244411627939
revenue_rub,development,weekday_shrunk,15,2026-08-19,2026-08-18,2026-08-25,1108478.0,859468.9738333332,249009.02616666676,249009.02616666676,563251.3601666667,63136334305.90174,22.464047655133143
revenue_rub,development,weekday_shrunk,16,2026-08-20,2026-08-19,2026-08-26,1136173.0,839489.1161458333,296683.8838541667,296683.8838541667,531812.5303125,62098959167.59084,26.112562422638693
revenue_rub,development,weekday_shrunk,17,2026-08-21,2026-08-20,2026-08-27,1221013.0,823665.540735294,397347.459264706,397347.459264706,545144.0773039216,64251395112.98769,32.54244297683203
revenue_rub,development,weekday_shrunk,18,2026-08-22,2026-08-21,2026-08-28,1253068.0,800793.5199999999,452274.4800000001,452274.4800000001,513915.77666666673,63109484159.77656,36.093370830633305
revenue_rub,development,weekday_shrunk,19,2026-08-23,2026-08-22,2026-08-29,1097443.0,841942.1724999999,255500.82750000013,255500.82750000013,448804.9508333333,50631250315.20797,23.28146678232948
revenue_rub,development,weekday_shrunk,20,2026-08-24,2026-08-23,2026-08-30,879288.0,909125.2789166666,-29837.278916666633,29837.278916666633,303216.61175,14609376258.151737,3.3933454018099454
revenue_rub,development,weekday_shrunk,21,2026-08-25,2026-08-24,2026-08-31,901403.0,928896.5566666666,-27493.556666666642,27493.556666666642,315835.0323809524,16141448905.392572,3.0500848861903767
revenue_rub,development,weekday_shrunk,22,2026-08-26,2026-08-25,2026-09-01,986633.0,937961.3318939394,48671.66810606059,48671.66810606059,393627.61931818177,27578664758.91027,4.933107660706726
revenue_rub,development,weekday_shrunk,23,2026-08-27,2026-08-26,2026-09-02,1119838.0,931075.2480434782,188762.75195652177,188762.75195652177,482893.6278985507,39671077963.06472,16.85625527589899
revenue_rub,development,weekday_shrunk,24,2026-08-28,2026-08-27,2026-09-03,1162813.0,941367.396875,221445.60312500002,221445.60312500002,516382.78520833334,43474296589.69099,19.043956605662306
revenue_rub,development,ewma03,14,2026-08-18,2026-08-17,2026-08-24,1027938.0,443953.60426118097,583984.395738819,583984.395738819,694919.943465883,160824705550.06195,56.81124695641362
revenue_rub,development,ewma03,15,2026-08-19,2026-08-18,2026-08-25,1108478.0,439098.5229828267,669379.4770171733,669379.4770171733,771529.6395738819,167864162399.3978,60.38725865711122
revenue_rub,development,ewma03,16,2026-08-20,2026-08-19,2026-08-26,1136173.0,425766.9660879786,710406.0339120214,710406.0339120214,792241.443105152,170960097813.2297,62.52622038298934
revenue_rub,development,ewma03,17,2026-08-21,2026-08-20,2026-08-27,1221013.0,408465.376261585,812547.6237384151,812547.6237384151,872962.0169560107,180733867296.7064,66.54700840518612
revenue_rub,development,ewma03,18,2026-08-22,2026-08-21,2026-08-28,1253068.0,345030.2633831095,908037.7366168905,908037.7366168905,908037.7366168905,195707512532.04648,72.46516043956836
revenue_rub,development,ewma03,19,2026-08-23,2026-08-22,2026-08-29,1097443.0,768936.1843681766,328506.8156318234,328506.8156318234,507994.9736616891,91639425824.36584,29.933838534832642
revenue_rub,development,ewma03,20,2026-08-24,2026-08-23,2026-08-30,879288.0,1366694.8290577237,-487406.82905772375,487406.82905772375,487406.82905772363,47234979313.72929,55.43198918417217
revenue_rub,development,ewma03,21,2026-08-25,2026-08-24,2026-08-31,901403.0,1343239.6803404065,-441836.6803404065,441836.6803404065,470429.9145288618,44190494702.60437,49.0165531222335
revenue_rub,development,ewma03,22,2026-08-26,2026-08-25,2026-09-01,986633.0,1237732.7762382845,-251099.77623828454,251099.77623828454,409959.90410212195,33730897638.702366,25.45017004684463
revenue_rub,development,ewma03,23,2026-08-27,2026-08-26,2026-09-02,1119838.0,1042970.443366799,76867.55663320096,76867.55663320096,384542.22237617156,25625040996.679764,6.8641675521996
revenue_rub,development,ewma03,24,2026-08-28,2026-08-27,2026-09-03,1162813.0,1018671.8103567595,144141.18964324053,144141.18964324053,414789.36698996025,27393732452.252663,12.395904555869304
revenue_rub,holdout,mean7,31,2026-09-04,2026-09-03,2026-09-10,1592019.0,1162813.0,429206.0,429206.0,944270.5714285714,200543372484.57144,26.95985412234402
revenue_rub,holdout,mean14,31,2026-09-04,2026-09-03,2026-09-10,1592019.0,1191913.0,400106.0,400106.0,931799.142857143,197095804027.4286,25.131986490110986
revenue_rub,holdout,mean_all,31,2026-09-04,2026-09-03,2026-09-10,1592019.0,973824.7964516128,618194.2035483872,618194.2035483872,1025265.5158064517,228821412893.8321,38.830830759456205
revenue_rub,holdout,seasonal7,31,2026-09-04,2026-09-03,2026-09-10,1592019.0,1162813.0,429206.0,429206.0,1207352.0,300547050500.0,26.95985412234402
revenue_rub,holdout,weekday_shrunk,31,2026-09-04,2026-09-03,2026-09-10,1592019.0,984605.4819758064,607413.5180241936,607413.5180241936,959402.1741532257,195537978831.66144,38.153660102309935
revenue_rub,holdout,ewma03,31,2026-09-04,2026-09-03,2026-09-10,1592019.0,1301611.1804266635,290407.8195733365,290407.8195733365,909924.5456533338,186274645517.90564,18.241479503280836
orders,development,mean7,14,2026-08-18,2026-08-17,2026-08-24,104,57.0,47.0,47.0,72.14285714285714,1434.4285714285716,45.19230769230769
orders,development,mean7,15,2026-08-19,2026-08-18,2026-08-25,113,51.0,62.0,62.0,77.71428571428572,1578.0000000000002,54.86725663716814
orders,development,mean7,16,2026-08-20,2026-08-19,2026-08-26,117,42,75,75,81,1757,64.1025641025641
orders,development,mean7,17,2026-08-21,2026-08-20,2026-08-27,121,39.0,82.0,82.0,87.14285714285715,1842.0000000000002,67.76859504132231
orders,development,mean7,18,2026-08-22,2026-08-21,2026-08-28,124,33.0,91.0,91.0,91.0,1986.4285714285713,73.38709677419355
orders,development,mean7,19,2026-08-23,2026-08-22,2026-08-29,108,54.0,54.0,54.0,57.42857142857142,1174.2857142857142,50.0
orders,development,mean7,20,2026-08-24,2026-08-23,2026-08-30,88,88.0,0.0,0.0,30.57142857142857,157.71428571428572,0.0
orders,development,mean7,21,2026-08-25,2026-08-24,2026-08-31,88,104.0,-16.0,16.0,32.85714285714286,194.2857142857143,18.181818181818183
orders,development,mean7,22,2026-08-26,2026-08-25,2026-09-01,92,113.0,-21.0,21.0,38.14285714285714,253.85714285714283,22.82608695652174
orders,development,mean7,23,2026-08-27,2026-08-26,2026-09-02,106,117.0,-11.0,11.0,37.285714285714285,260.14285714285717,10.377358490566039
orders,development,mean7,24,2026-08-28,2026-08-27,2026-09-03,116,121.0,-5.0,5.0,32.142857142857146,229.28571428571428,4.310344827586207
orders,development,mean14,14,2026-08-18,2026-08-17,2026-08-24,104,107.0,-3.0,3.0,79.28571428571429,1120.1428571428573,2.8846153846153846
orders,development,mean14,15,2026-08-19,2026-08-18,2026-08-25,113,106.5,6.5,6.5,70.21428571428571,1034.892857142857,5.752212389380531
orders,development,mean14,16,2026-08-20,2026-08-19,2026-08-26,117,106.0,11.0,11.0,66.14285714285714,970.7142857142858,9.401709401709402
orders,development,mean14,17,2026-08-21,2026-08-20,2026-08-27,121,105.5,15.5,15.5,62.07142857142857,915.7500000000001,12.8099173553719
orders,development,mean14,18,2026-08-22,2026-08-21,2026-08-28,124,104.5,19.5,19.5,59.07142857142857,857.75,15.725806451612904
orders,development,mean14,19,2026-08-23,2026-08-22,2026-08-29,108,100.0,8.0,8.0,52.28571428571429,766.8571428571429,7.4074074074074066
orders,development,mean14,20,2026-08-24,2026-08-23,2026-08-30,88,85.5,2.5,2.5,30.214285714285715,158.60714285714286,2.840909090909091
orders,development,mean14,21,2026-08-25,2026-08-24,2026-08-31,88,80.5,7.5,7.5,29.5,165.75,8.522727272727272
orders,development,mean14,22,2026-08-26,2026-08-25,2026-09-01,92,82.0,10.0,10.0,33.714285714285715,205.14285714285717,10.869565217391305
orders,development,mean14,23,2026-08-27,2026-08-26,2026-09-02,106,79.5,26.5,26.5,42.64285714285714,343.1785714285714,25.0
orders,development,mean14,24,2026-08-28,2026-08-27,2026-09-03,116,80.0,36.0,36.0,49.714285714285715,410.85714285714283,31.03448275862069
orders,development,mean_all,14,2026-08-18,2026-08-17,2026-08-24,104,107.0,-3.0,3.0,79.28571428571429,1120.1428571428573,2.8846153846153846
orders,development,mean_all,15,2026-08-19,2026-08-18,2026-08-25,113,102.66666666666666,10.333333333333343,10.333333333333343,70.33333333333334,1044.111111111111,9.144542772861366
orders,development,mean_all,16,2026-08-20,2026-08-19,2026-08-26,117,98.4375,18.5625,18.5625,66.9375,1002.65234375,15.865384615384615
orders,development,mean_all,17,2026-08-21,2026-08-20,2026-08-27,121,95.11764705882352,25.882352941176478,25.882352941176478,63.411764705882355,977.128027681661,21.390374331550806
orders,development,mean_all,18,2026-08-22,2026-08-21,2026-08-28,124,91,33,33,61,959,26.61290322580645
orders,development,mean_all,19,2026-08-23,2026-08-22,2026-08-29,108,95.78947368421052,12.21052631578948,12.21052631578948,51.684210526315795,779.0138504155126,11.306042884990259
orders,development,mean_all,20,2026-08-24,2026-08-23,2026-08-30,88,104.64999999999999,-16.64999999999999,16.64999999999999,32.95,197.3175,18.920454545454536
orders,development,mean_all,21,2026-08-25,2026-08-24,2026-08-31,88,106.0,-18.0,18.0,33.42857142857143,204.0,20.454545454545457
orders,development,mean_all,22,2026-08-26,2026-08-25,2026-09-01,92,105.95454545454545,-13.954545454545453,13.954545454545453,37.13636363636364,218.67561983471074,15.167984189723319
orders,development,mean_all,23,2026-08-27,2026-08-26,2026-09-02,106,104.08695652173913,1.9130434782608745,1.9130434782608745,39.130434782608695,243.37996219281663,1.8047579983593156
orders,development,mean_all,24,2026-08-28,2026-08-27,2026-09-03,116,102.66666666666666,13.333333333333343,13.333333333333343,40.0,251.11111111111111,11.494252873563227
orders,development,seasonal7,14,2026-08-18,2026-08-17,2026-08-24,104,57,47,47,95,2015,45.19230769230769
orders,development,seasonal7,15,2026-08-19,2026-08-18,2026-08-25,113,51,62,62,98,2060,54.86725663716814
orders,development,seasonal7,16,2026-08-20,2026-08-19,2026-08-26,117,42,75,75,93,1995,64.1025641025641
orders,development,seasonal7,17,2026-08-21,2026-08-20,2026-08-27,121,39,82,82,94,2002,67.76859504132231
orders,development,seasonal7,18,2026-08-22,2026-08-21,2026-08-28,124,33,91,91,91,1975,73.38709677419355
orders,development,seasonal7,19,2026-08-23,2026-08-22,2026-08-29,108,54,54,54,86,1790,50.0
orders,development,seasonal7,20,2026-08-24,2026-08-23,2026-08-30,88,88,0,0,72,1034,0.0
orders,development,seasonal7,21,2026-08-25,2026-08-24,2026-08-31,88,104,-16,16,56,778,18.181818181818183
orders,development,seasonal7,22,2026-08-26,2026-08-25,2026-09-01,92,113,-21,21,51,713,22.82608695652174
orders,development,seasonal7,23,2026-08-27,2026-08-26,2026-09-02,106,117,-11,11,61,893,10.377358490566039
orders,development,seasonal7,24,2026-08-28,2026-08-27,2026-09-03,116,121,-5,5,67,977,4.310344827586207
orders,development,weekday_shrunk,14,2026-08-18,2026-08-17,2026-08-24,104,107.0,-3.0,3.0,52.64285714285714,450.3392857142857,2.8846153846153846
orders,development,weekday_shrunk,15,2026-08-19,2026-08-18,2026-08-25,113,104.25,8.75,8.75,49.75,424.39583333333337,7.7433628318584065
orders,development,weekday_shrunk,16,2026-08-20,2026-08-19,2026-08-26,117,101.30208333333334,15.697916666666657,15.697916666666657,45.21875,385.71343315972223,13.417022792022784
orders,development,weekday_shrunk,17,2026-08-21,2026-08-20,2026-08-27,121,99.30882352941177,21.691176470588232,21.691176470588232,41.122549019607845,370.7807814302192,17.926592124453084
orders,development,weekday_shrunk,18,2026-08-22,2026-08-21,2026-08-28,124,96.58333333333334,27.416666666666657,27.416666666666657,37.75,346.25694444444446,22.110215053763433
orders,development,weekday_shrunk,19,2026-08-23,2026-08-22,2026-08-29,108,99.97807017543859,8.021929824561411,8.021929824561411,36.0921052631579,305.94900353955063,7.427712800519826
orders,development,weekday_shrunk,20,2026-08-24,2026-08-23,2026-08-30,88,104.825,-16.825000000000003,16.825000000000003,30.59166666666667,173.37659722222224,19.119318181818183
orders,development,weekday_shrunk,21,2026-08-25,2026-08-24,2026-08-31,88,106.0,-18.0,18.0,30.380952380952383,173.50793650793653,20.454545454545457
orders,development,weekday_shrunk,22,2026-08-26,2026-08-25,2026-09-01,92,106.81060606060606,-14.810606060606062,14.810606060606062,33.53787878787879,204.09819788797063,16.09848484848485
orders,development,weekday_shrunk,23,2026-08-27,2026-08-26,2026-09-02,106,105.96014492753623,0.03985507246376585,0.03985507246376585,41.85144927536232,321.53792533081287,0.03759912496581684
orders,development,weekday_shrunk,24,2026-08-28,2026-08-27,2026-09-03,116,105.58333333333333,10.416666666666671,10.416666666666671,49.41666666666667,395.7291666666667,8.979885057471268
orders,development,ewma03,14,2026-08-18,2026-08-17,2026-08-24,104,50.65122789999998,53.34877210000002,53.34877210000002,71.2358897,1525.4416406539628,51.296896250000025
orders,development,ewma03,15,2026-08-19,2026-08-18,2026-08-25,113,48.055859529999985,64.94414047000001,64.94414047000001,78.13487721,1631.391625912442,57.47269068141594
orders,development,ewma03,16,2026-08-20,2026-08-19,2026-08-26,117,44.13910167099999,72.86089832900001,72.86089832900001,80.08324214100001,1711.8157864726968,62.274272076068385
orders,development,ewma03,17,2026-08-21,2026-08-20,2026-08-27,121,43.497371169699996,77.50262883030001,77.50262883030001,83.9304491645,1739.5224965153213,64.05175936388432
orders,development,ewma03,18,2026-08-22,2026-08-21,2026-08-28,124,36.74815981879,87.25184018121,87.25184018121,87.25184018121001,1890.9833735724876,70.36438724291129
orders,development,ewma03,19,2026-08-23,2026-08-22,2026-08-29,108,80.32371187315299,27.676288126847012,27.676288126847012,49.474815981879004,867.1395606400362,25.626192710043533
orders,development,ewma03,20,2026-08-24,2026-08-23,2026-08-30,88,138.1265983112071,-50.12659831120709,50.12659831120709,50.12659831120709,516.6679797504441,56.962043535462605
orders,development,ewma03,21,2026-08-25,2026-08-24,2026-08-31,88,136.58861881784495,-48.588618817844946,48.588618817844946,48.58861881784495,494.9791255179766,55.21433956573289
orders,development,ewma03,22,2026-08-26,2026-08-25,2026-09-01,92,127.11203317249146,-35.112033172491465,35.112033172491465,40.158861881784496,366.9792676437345,38.16525344836029
orders,development,ewma03,23,2026-08-27,2026-08-26,2026-09-02,106,107.87842322074403,-1.8784232207440255,1.8784232207440255,38.58879668275085,243.36121054231862,1.7720973780604012
orders,development,ewma03,24,2026-08-28,2026-08-27,2026-09-03,116,96.51489625452082,19.48510374547918,19.48510374547918,42.636473033776795,279.952752567441,16.79750322886136
orders,holdout,mean7,31,2026-09-04,2026-09-03,2026-09-10,160,116.00000000000001,43.999999999999986,43.999999999999986,97.42857142857143,2303.4285714285716,27.499999999999993
orders,holdout,mean14,31,2026-09-04,2026-09-03,2026-09-10,160,118.49999999999999,41.500000000000014,41.500000000000014,97.07142857142857,2272.892857142857,25.937500000000007
orders,holdout,mean_all,31,2026-09-04,2026-09-03,2026-09-10,160,105.67741935483872,54.32258064516128,54.32258064516128,100.70967741935485,2448.4203954214363,33.9516129032258
orders,holdout,seasonal7,31,2026-09-04,2026-09-03,2026-09-10,160,116,44,44,126,3180,27.500000000000004
orders,holdout,weekday_shrunk,31,2026-09-04,2026-09-03,2026-09-10,160,107.13870967741936,52.86129032258064,52.86129032258064,91.25483870967743,1909.3267520811658,33.038306451612904
orders,holdout,ewma03,31,2026-09-04,2026-09-03,2026-09-10,160,131.58695412061368,28.413045879386317,28.413045879386317,98.79813630294481,2142.1858823063017,17.758153674616448
